LANGUAGE_COLON= Langue :
NON_LOCAL_ACCOUNT_PASSWORD_CANNOT_BE_CHANGED_IN_OAE= Le mot de passe d'un compte non-local ne peut pas être mis à jour.
PASSWORD_NOT_UPDATED= Mot de passe non mis à jour.
PASSWORD_SUCCESSFULLY_UPDATED= Votre mot de passe a bien été mis à jour.
PASSWORD_UPDATE_FAILED= Votre mot de passe n'a pas pu être mis à jour.<segment 0004>
PASSWORD_UPDATED= Mot de passe mis à jour.
PREFERENCES_NOT_UPDATED= Préférences non mises à jour.
PREFERENCES_UPDATE_FAILED= Vos préférences n'ont pas pu être mises à jour.
PREFERENCES_UPDATED= Préférences mises à jour.
PREFERENCES_SUCCESSFULLY_UPDATED= Vos préférences ont bien été mises à jour.
WRONG_CURRENT_PASSWORD_PROVIDED= Mot de passe actuel n'est pas conforme.
TIME_ZONE_COLON= Fuseau horaire :
AFRICA_ABIDJAN= Afrique/Abidjan
AFRICA_ACCRA= Afrique/Accra
AFRICA_ADDIS_ABABA= Afrique/Addis_Ababa
AFRICA_ALGIERS= Afrique/Alger
AFRICA_ASMARA= Afrique/Asmara
AFRICA_ASMERA= Afrique/Asmera
AFRICA_BAMAKO= Afrique/Bamako
AFRICA_BANGUI= Afrique/Bangui
AFRICA_BANJUL= Afrique/Banjul
AFRICA_BISSAU= Afrique/Bissau
AFRICA_BLANTYRE= Afrique/Blantyre
AFRICA_BRAZZAVILLE= Afrique/Brazzaville
AFRICA_BUJUMBURA= Afrique/Bujumbura
AFRICA_CAIRO= Afrique/Le Caire
AFRICA_CASABLANCA= Afrique/Casablanca
AFRICA_CEUTA= Afrique/Ceuta
AFRICA_CONAKRY= Afrique/Conakry
AFRICA_DAKAR= Afrique/Dakar
AFRICA_DAR_ES_SALAAM= Afrique/Dar_es_Salaam
AFRICA_DJIBOUTI= Afrique/Djibouti
AFRICA_DOUALA= Afrique/Douala
AFRICA_EL_AAIUN= Afrique/Laâyoune
AFRICA_FREETOWN= Afrique/Freetown
AFRICA_GABORONE= Afrique/Gaborone
AFRICA_HARARE= Afrique/Harare
AFRICA_JOHANNESBURG= Afrique/Johannesburg
AFRICA_JUBA= Afrique/Djouba
AFRICA_KAMPALA= Afrique/Kampala
AFRICA_KHARTOUM= Afrique/Khartoum
AFRICA_KIGALI= Afrique/Kigali
AFRICA_KINSHASA= Afrique/Kinshasa
AFRICA_LAGOS= Afrique/Lagos
AFRICA_LIBREVILLE= Afrique/Libreville
AFRICA_LOME= Afrique/Lomé
AFRICA_LUANDA= Afrique/Luanda
AFRICA_LUBUMBASHI= Afrique/Lubumbashi
AFRICA_LUSAKA= Afrique/Lusaka
AFRICA_MALABO= Afrique/Malabo
AFRICA_MAPUTO= Afrique/Maputo
AFRICA_MASERU= Afrique/Maseru
AFRICA_MBABANE= Afrique/Mbabane
AFRICA_MOGADISHU= Afrique/Mogadiscio
AFRICA_MONROVIA= Afrique/Monrovia
AFRICA_NAIROBI= Afrique/Nairobi
AFRICA_NDJAMENA= Afrique/Ndjamena
AFRICA_NIAMEY= Afrique/Niamey
AFRICA_NOUAKCHOTT= Afrique/Nouakchott
AFRICA_OUAGADOUGOU= Afrique/Ouagadougou
AFRICA_PORTO_NOVO= Afrique/Porto-Novo
AFRICA_SAO_TOME= Afrique/Sao Tomé-et-Principe 
AFRICA_TIMBUKTU= Afrique/Tombouctou
AFRICA_TRIPOLI= Afrique/Tripoli
AFRICA_TUNIS= Afrique/Tunis
AFRICA_WINDHOEK= Afrique/Windhoek
AMERICA_ADAK= Amérique/Adak
AMERICA_ANCHORAGE= Amérique/Anchorage
AMERICA_ANGUILLA= America/Anguilla
AMERICA_ANTIGUA= America/Antigua
AMERICA_ARAGUAINA= America/Araguaina
AMERICA_ARGENTINA_BUENOS_AIRES= Amérique/Argentine/Buenos_Aires
AMERICA_ARGENTINA_CATAMARCA= America/Argentina/Catamarca
AMERICA_ARGENTINA_COMODRIVADAVIA= America/Argentina/ComodRivadavia
AMERICA_ARGENTINA_CORDOBA= America/Argentina/Cordoba
AMERICA_ARGENTINA_JUJUY= America/Argentina/Jujuy
AMERICA_ARGENTINA_LA_RIOJA= America/Argentina/La_Rioja
AMERICA_ARGENTINA_MENDOZA= America/Argentina/Mendoza
AMERICA_ARGENTINA_RIO_GALLEGOS= America/Argentina/Rio_Gallegos
AMERICA_ARGENTINA_SALTA= America/Argentina/Salta
AMERICA_ARGENTINA_SAN_JUAN= America/Argentina/San_Juan
AMERICA_ARGENTINA_SAN_LUIS= America/Argentina/San_Luis
AMERICA_ARGENTINA_TUCUMAN= America/Argentina/Tucuman
AMERICA_ARGENTINA_USHUAIA= America/Argentina/Ushuaia
AMERICA_ARUBA= America/Aruba
AMERICA_ASUNCION= Amérique/Asuncion
AMERICA_ATIKOKAN= America/Atikokan
AMERICA_ATKA= America/Atka
AMERICA_BAHIA= America/Bahia
AMERICA_BAHIA_BANDERAS= America/Bahia_Banderas
AMERICA_BARBADOS= America/Barbados
AMERICA_BELEM= America/Belem
AMERICA_BELIZE= America/Belize
AMERICA_BLANC_SABLON= America/Blanc-Sablon
AMERICA_BOA_VISTA= America/Boa_Vista
AMERICA_BOGOTA= Amérique/Bogota
AMERICA_BOISE= America/Boise
AMERICA_BUENOS_AIRES= America/Buenos_Aires
AMERICA_CAMBRIDGE_BAY= America/Cambridge_Bay
AMERICA_CAMPO_GRANDE= America/Campo_Grande
AMERICA_CANCUN= America/Cancun
AMERICA_CARACAS= Amérique/Caracas
AMERICA_CATAMARCA= America/Catamarca
AMERICA_CAYENNE= America/Cayenne
AMERICA_CAYMAN= America/Cayman
AMERICA_CHICAGO= Amérique/Chicago
AMERICA_CHIHUAHUA= America/Chihuahua
AMERICA_CORAL_HARBOUR= America/Coral_Harbour
AMERICA_CORDOBA= America/Cordoba
AMERICA_COSTA_RICA= America/Costa_Rica
AMERICA_CRESTON= America/Creston
AMERICA_CUIABA= America/Cuiaba
AMERICA_CURACAO= America/Curacao
AMERICA_DANMARKSHAVN= America/Danmarkshavn
AMERICA_DAWSON= America/Dawson
AMERICA_DAWSON_CREEK= America/Dawson_Creek
AMERICA_DENVER= Amérique/Denver
AMERICA_DETROIT= Amérique/Detroit
AMERICA_DOMINICA= America/Dominica
AMERICA_EDMONTON= America/Edmonton
AMERICA_EIRUNEPE= America/Eirunepe
AMERICA_EL_SALVADOR= America/El_Salvador
AMERICA_ENSENADA= America/Ensenada
AMERICA_FORT_WAYNE= America/Fort_Wayne
AMERICA_FORTALEZA= America/Fortaleza
AMERICA_GLACE_BAY= America/Glace_Bay
AMERICA_GODTHAB= Amérique/Godthab
AMERICA_GOOSE_BAY= America/Goose_Bay
AMERICA_GRAND_TURK= America/Grand_Turk
AMERICA_GRENADA= America/Grenada
AMERICA_GUADELOUPE= America/Guadeloupe
AMERICA_GUATEMALA= Amérique/Guatemala
AMERICA_GUAYAQUIL= America/Guayaquil
AMERICA_GUYANA= America/Guyana
AMERICA_HALIFAX= Amérique/Halifax
AMERICA_HAVANA= America/Havana
AMERICA_HERMOSILLO= America/Hermosillo
AMERICA_INDIANA_INDIANAPOLIS= America/Indiana/Indianapolis
AMERICA_INDIANA_KNOX= America/Indiana/Knox
AMERICA_INDIANA_MARENGO= America/Indiana/Marengo
AMERICA_INDIANA_PETERSBURG= America/Indiana/Petersburg
AMERICA_INDIANA_TELL_CITY= America/Indiana/Tell_City
AMERICA_INDIANA_VEVAY= America/Indiana/Vevay
AMERICA_INDIANA_VINCENNES= America/Indiana/Vincennes
AMERICA_INDIANA_WINAMAC= America/Indiana/Winamac
AMERICA_INDIANAPOLIS= America/Indianapolis
AMERICA_INUVIK= America/Inuvik
AMERICA_IQALUIT= America/Iqaluit
AMERICA_JAMAICA= America/Jamaica
AMERICA_JUJUY= America/Jujuy
AMERICA_JUNEAU= America/Juneau
AMERICA_KENTUCKY_LOUISVILLE= America/Kentucky/Louisville
AMERICA_KENTUCKY_MONTICELLO= America/Kentucky/Monticello
AMERICA_KNOX_IN= America/Knox_IN
AMERICA_KRALENDIJK= America/Kralendijk
AMERICA_LA_PAZ= America/La_Paz
AMERICA_LIMA= America/Lima
AMERICA_LOS_ANGELES= America/Los_Angeles
AMERICA_LOUISVILLE= America/Louisville
AMERICA_LOWER_PRINCES= America/Lower_Princes
AMERICA_MACEIO= America/Maceio
AMERICA_MANAGUA= America/Managua
AMERICA_MANAUS= America/Manaus
AMERICA_MARIGOT= America/Marigot
AMERICA_MARTINIQUE= America/Martinique
AMERICA_MATAMOROS= America/Matamoros
AMERICA_MAZATLAN= America/Mazatlan
AMERICA_MENDOZA= America/Mendoza
AMERICA_MENOMINEE= America/Menominee
AMERICA_MERIDA= America/Merida
AMERICA_METLAKATLA= America/Metlakatla
AMERICA_MEXICO_CITY= America/Mexico_City
AMERICA_MIQUELON= America/Miquelon
AMERICA_MONCTON= America/Moncton
AMERICA_MONTERREY= America/Monterrey
AMERICA_MONTEVIDEO= Amérique/Montevideo
AMERICA_MONTREAL= America/Montreal
AMERICA_MONTSERRAT= America/Montserrat
AMERICA_NASSAU= America/Nassau
AMERICA_NEW_YORK= America/New_York
AMERICA_NIPIGON= America/Nipigon
AMERICA_NOME= America/Nome
AMERICA_NORONHA= Amérique/Noronha
AMERICA_NORTH_DAKOTA_BEULAH= America/North_Dakota/Beulah
AMERICA_NORTH_DAKOTA_CENTER= America/North_Dakota/Center
AMERICA_NORTH_DAKOTA_NEW_SALEM= America/North_Dakota/New_Salem
AMERICA_OJINAGA= America/Ojinaga
AMERICA_PANAMA= America/Panama
AMERICA_PANGNIRTUNG= America/Pangnirtung
AMERICA_PARAMARIBO= America/Paramaribo
AMERICA_PHOENIX= Amérique/Phoenix
AMERICA_PORT_AU_PRINCE= America/Port-au-Prince
AMERICA_PORT_OF_SPAIN= America/Port_of_Spain
AMERICA_PORTO_ACRE= America/Porto_Acre
AMERICA_PORTO_VELHO= America/Porto_Velho
AMERICA_PUERTO_RICO= America/Puerto_Rico
AMERICA_RAINY_RIVER= America/Rainy_River
AMERICA_RANKIN_INLET= America/Rankin_Inlet
AMERICA_RECIFE= America/Recife
AMERICA_REGINA= America/Regina
AMERICA_RESOLUTE= America/Resolute
AMERICA_RIO_BRANCO= America/Rio_Branco
AMERICA_ROSARIO= America/Rosario
AMERICA_SANTA_ISABEL= America/Santa_Isabel
AMERICA_SANTAREM= America/Santarem
AMERICA_SANTIAGO= America/Santiago
AMERICA_SANTO_DOMINGO= Amérique/Santo_Domingo
AMERICA_SAO_PAULO= America/Sao_Paulo
AMERICA_SCORESBYSUND= America/Scoresbysund
AMERICA_SHIPROCK= America/Shiprock
AMERICA_SITKA= America/Sitka
AMERICA_ST_BARTHELEMY= America/St_Barthelemy
AMERICA_ST_JOHNS= Amérique/St_Johns
AMERICA_ST_KITTS= America/St_Kitts
AMERICA_ST_LUCIA= America/St_Lucia
AMERICA_ST_THOMAS= America/St_Thomas
AMERICA_ST_VINCENT= America/St_Vincent
AMERICA_SWIFT_CURRENT= America/Swift_Current
AMERICA_TEGUCIGALPA= America/Tegucigalpa
AMERICA_THULE= America/Thule
AMERICA_THUNDER_BAY= America/Thunder_Bay
AMERICA_TIJUANA= America/Tijuana
AMERICA_TORONTO= America/Toronto
AMERICA_TORTOLA= America/Tortola
AMERICA_VANCOUVER= America/Vancouver
AMERICA_VIRGIN= America/Virgin
AMERICA_WHITEHORSE= America/Whitehorse
AMERICA_WINNIPEG= America/Winnipeg
AMERICA_YAKUTAT= America/Yakutat
AMERICA_YELLOWKNIFE= America/Yellowknife
ANTARCTICA_CASEY= Antarctica/Casey
ANTARCTICA_DAVIS= Antarctica/Davis
ANTARCTICA_DUMONTDURVILLE= Antarctica/DumontDUrville
ANTARCTICA_MACQUARIE= Antarctica/Macquarie
ANTARCTICA_MAWSON= Antarctica/Mawson
ANTARCTICA_MCMURDO= Antarctica/McMurdo
ANTARCTICA_PALMER= Antarctica/Palmer
ANTARCTICA_ROTHERA= Antarctica/Rothera
ANTARCTICA_SOUTH_POLE= Antarctica/South_Pole
ANTARCTICA_SYOWA= Antarctica/Syowa
ANTARCTICA_VOSTOK= Antarctica/Vostok
ARCTIC_LONGYEARBYEN= Arctic/Longyearbyen
ASIA_ADEN= Asia/Aden
ASIA_ALMATY= Asia/Almaty
ASIA_AMMAN= Asia/Amman
ASIA_ANADYR= Asia/Anadyr
ASIA_AQTAU= Asia/Aqtau
ASIA_AQTOBE= Asia/Aqtobe
ASIA_ASHGABAT= Asia/Ashgabat
ASIA_ASHKHABAD= Asia/Ashkhabad
ASIA_BAGHDAD= Asie/Bagdad
ASIA_BAHRAIN= Asia/Bahrain
ASIA_BAKU= Asia/Baku
ASIA_BANGKOK= Asia/Bangkok
ASIA_BEIRUT= Asie/Beyrouth
ASIA_BISHKEK= Asia/Bishkek
ASIA_BRUNEI= Asia/Brunei
ASIA_CALCUTTA= Asia/Calcutta
ASIA_CHOIBALSAN= Asia/Choibalsan
ASIA_CHONGQING= Asia/Chongqing
ASIA_CHUNGKING= Asia/Chungking
ASIA_COLOMBO= Asia/Colombo
ASIA_DACCA= Asia/Dacca
ASIA_DAMASCUS= Asia/Damascus
ASIA_DHAKA= Asie/Dhaka
ASIA_DILI= Asia/Dili
ASIA_DUBAI= Asie/Dubaï
ASIA_DUSHANBE= Asia/Dushanbe
ASIA_GAZA= Asia/Gaza
ASIA_HARBIN= Asia/Harbin
ASIA_HEBRON= Asia/Hebron
ASIA_HO_CHI_MINH= Asia/Ho_Chi_Minh
ASIA_HONG_KONG= Asia/Hong_Kong
ASIA_HOVD= Asia/Hovd
ASIA_IRKUTSK= Asie/Irkoutsk
ASIA_ISTANBUL= Asia/Istanbul
ASIA_JAKARTA= Asie/Jakarta
ASIA_JAYAPURA= Asia/Jayapura
ASIA_JERUSALEM= Asia/Jerusalem
ASIA_KABUL= Asie/Kaboul
ASIA_KAMCHATKA= Asie/Kamtchatka
ASIA_KARACHI= Asie/Karachi
ASIA_KASHGAR= Asia/Kashgar
ASIA_KATHMANDU= Asie/Katmandou
ASIA_KATMANDU= Asia/Katmandu
ASIA_KOLKATA= Asie/Kolkata
ASIA_KRASNOYARSK= Asie/Krasnoyarsk
ASIA_KUALA_LUMPUR= Asia/Kuala_Lumpur
ASIA_KUCHING= Asia/Kuching
ASIA_KUWAIT= Asia/Kuwait
ASIA_MACAO= Asia/Macao
ASIA_MACAU= Asia/Macau
ASIA_MAGADAN= Asia/Magadan
ASIA_MAKASSAR= Asia/Makassar
ASIA_MANILA= Asia/Manila
ASIA_MUSCAT= Asia/Muscat
ASIA_NICOSIA= Asia/Nicosia
ASIA_NOVOKUZNETSK= Asia/Novokuznetsk
ASIA_NOVOSIBIRSK= Asia/Novosibirsk
ASIA_OMSK= Asie/Omsk
ASIA_ORAL= Asia/Oral
ASIA_PHNOM_PENH= Asia/Phnom_Penh
ASIA_PONTIANAK= Asia/Pontianak
ASIA_PYONGYANG= Asia/Pyongyang
ASIA_QATAR= Asia/Qatar
ASIA_QYZYLORDA= Asia/Qyzylorda
ASIA_RANGOON= Asie/Rangoon
ASIA_RIYADH= Asia/Riyadh
ASIA_RIYADH87= Asia/Riyadh87
ASIA_RIYADH88= Asia/Riyadh88
ASIA_RIYADH89= Asia/Riyadh89
ASIA_SAIGON= Asia/Saigon
ASIA_SAKHALIN= Asia/Sakhalin
ASIA_SAMARKAND= Asia/Samarkand
ASIA_SEOUL= Asia/Seoul
ASIA_SHANGHAI= Asie/Shanghai
ASIA_SINGAPORE= Asia/Singapore
ASIA_TAIPEI= Asia/Taipei
ASIA_TASHKENT= Asia/Tashkent
ASIA_TBILISI= Asia/Tbilisi
ASIA_TEHRAN= Asie/Téhéran
ASIA_TEL_AVIV= Asia/Tel_Aviv
ASIA_THIMBU= Asia/Thimbu
ASIA_THIMPHU= Asia/Thimphu
ASIA_TOKYO= Asie/Tokyo
ASIA_UJUNG_PANDANG= Asia/Ujung_Pandang
ASIA_ULAANBAATAR= Asia/Ulaanbaatar
ASIA_ULAN_BATOR= Asia/Ulan_Bator
ASIA_URUMQI= Asia/Urumqi
ASIA_VIENTIANE= Asia/Vientiane
ASIA_VLADIVOSTOK= Asie/Vladivostok
ASIA_YAKUTSK= Asie/Yakutsk
ASIA_YEKATERINBURG= Asie/Yekaterinburg
ASIA_YEREVAN= Asie/Erevan
ATLANTIC_AZORES= Atlantique/Açores
ATLANTIC_BERMUDA= Atlantic/Bermuda
ATLANTIC_CANARY= Atlantic/Canary
ATLANTIC_CAPE_VERDE= Atlantique/Cap_Vert
ATLANTIC_FAEROE= Atlantic/Faeroe
ATLANTIC_FAROE= Atlantic/Faroe
ATLANTIC_JAN_MAYEN= Atlantic/Jan_Mayen
ATLANTIC_MADEIRA= Atlantic/Madeira
ATLANTIC_REYKJAVIK= Atlantic/Reykjavik
ATLANTIC_SOUTH_GEORGIA= Atlantic/South_Georgia
ATLANTIC_ST_HELENA= Atlantic/St_Helena
ATLANTIC_STANLEY= Atlantic/Stanley
AUSTRALIA_ACT= Australia/ACT
AUSTRALIA_ADELAIDE= Australie/Adelaide
AUSTRALIA_BRISBANE= Australie/Brisbane
AUSTRALIA_BROKEN_HILL= Australia/Broken_Hill
AUSTRALIA_CANBERRA= Australia/Canberra
AUSTRALIA_CURRIE= Australia/Currie
AUSTRALIA_DARWIN= Australie/Darwin
AUSTRALIA_EUCLA= Australie/Eucla
AUSTRALIA_HOBART= Australia/Hobart
AUSTRALIA_LHI= Australia/LHI
AUSTRALIA_LINDEMAN= Australia/Lindeman
AUSTRALIA_LORD_HOWE= Australie/Lord_Howe
AUSTRALIA_MELBOURNE= Australia/Melbourne
AUSTRALIA_NSW= Australia/NSW
AUSTRALIA_NORTH= Australia/North
AUSTRALIA_PERTH= Australia/Perth
AUSTRALIA_QUEENSLAND= Australia/Queensland
AUSTRALIA_SOUTH= Australia/South
AUSTRALIA_SYDNEY= Australie/Sydney
AUSTRALIA_TASMANIA= Australia/Tasmania
AUSTRALIA_VICTORIA= Australia/Victoria
AUSTRALIA_WEST= Australia/West
AUSTRALIA_YANCOWINNA= Australia/Yancowinna
BRAZIL_ACRE= Brazil/Acre
BRAZIL_DENORONHA= Brazil/DeNoronha
BRAZIL_EAST= Brazil/East
BRAZIL_WEST= Brazil/West
CET= CET
CST6CDT= CST6CDT
CANADA_ATLANTIC= Canada/Atlantic
CANADA_CENTRAL= Canada/Central
CANADA_EAST_SASKATCHEWAN= Canada/East-Saskatchewan
CANADA_EASTERN= Canada/Eastern
CANADA_MOUNTAIN= Canada/Mountain
CANADA_NEWFOUNDLAND= Canada/Newfoundland
CANADA_PACIFIC= Canada/Pacifique
CANADA_SASKATCHEWAN= Canada/Saskatchewan
CANADA_YUKON= Canada/Yukon
CHILE_CONTINENTAL= Chile/Continental
CHILE_EASTERISLAND= Chile/EasterIsland
CUBA= Cuba
EET= EET
EST= EST
EST5EDT= EST5EDT
EGYPT= Egypt
EIRE= Eire
ETC_GMT= Etc/GMT 
ETC_GMT_0= Etc/GMT+0 
ETC_GMT_1= Etc/GMT+1 
ETC_GMT_10= Etc/GMT+10 
ETC_GMT_11= Etc/GMT+11
ETC_GMT_12= Etc/GMT+12
ETC_GMT_2= Etc/GMT+2
ETC_GMT_3= Etc/GMT+3
ETC_GMT_4= Etc/GMT+4
ETC_GMT_5= Etc/GMT+5
ETC_GMT_6= Etc/GMT+6
ETC_GMT_7= Etc/GMT+7
ETC_GMT_8= Etc/GMT+8
ETC_GMT_9= Etc/GMT+9
ETC_GMT_0= Etc/GMT-0
ETC_GMT_1= Etc/GMT-1
ETC_GMT_10= Etc/GMT-10
ETC_GMT_11= Etc/GMT-11
ETC_GMT_12= Etc/GMT-12
ETC_GMT_13= Etc/GMT-13
ETC_GMT_14= Etc/GMT-14
ETC_GMT_2= Etc/GMT-2
ETC_GMT_3= Etc/GMT-3
ETC_GMT_4= Etc/GMT-4
ETC_GMT_5= Etc/GMT-5
ETC_GMT_6= Etc/GMT-6
ETC_GMT_7= Etc/GMT-7
ETC_GMT_8= Etc/GMT-8
ETC_GMT_9= Etc/GMT-9
ETC_GMT0= Etc/GMT0
ETC_GREENWICH= Etc/Greenwich
ETC_UCT= Etc/UCT
ETC_UTC= Etc/UTC
ETC_UNIVERSAL= Etc/Universal
ETC_ZULU= Etc/Zulu
EUROPE_AMSTERDAM= Europe/Amsterdam
EUROPE_ANDORRA= Europe/Andorra
EUROPE_ATHENS= Europe/Athens
EUROPE_BELFAST= Europe/Belfast
EUROPE_BELGRADE= Europe/Belgrade
EUROPE_BERLIN= Europe/Berlin
EUROPE_BRATISLAVA= Europe/Bratislava
EUROPE_BRUSSELS= Europe/Brussels
EUROPE_BUCHAREST= Europe/Bucharest
EUROPE_BUDAPEST= Europe/Budapest
EUROPE_CHISINAU= Europe/Chisinau
EUROPE_COPENHAGEN= Europe/Copenhagen
EUROPE_DUBLIN= Europe/Dublin
EUROPE_GIBRALTAR= Europe/Gibraltar
EUROPE_GUERNSEY= Europe/Guernsey
EUROPE_HELSINKI= Europe/Helsinki
EUROPE_ISLE_OF_MAN= Europe/Isle_of_Man
EUROPE_ISTANBUL= Europe/Istanbul
EUROPE_JERSEY= Europe/Jersey
EUROPE_KALININGRAD= Europe/Kaliningrad
EUROPE_KIEV= Europe/Kiev
EUROPE_LISBON= Europe/Lisbon
EUROPE_LJUBLJANA= Europe/Ljubljana
EUROPE_LONDON= Europe/Londre
EUROPE_LUXEMBOURG= Europe/Luxembourg 
EUROPE_MADRID= Europe/Madrid
EUROPE_MALTA= Europe/Malte
EUROPE_MARIEHAMN= Europe/Mariehamn
EUROPE_MINSK= Europe/Minsk
EUROPE_MONACO= Europe/Monaco 
EUROPE_MOSCOW= Europe/Moscou
EUROPE_NICOSIA= Europe/Nicosia
EUROPE_OSLO= Europe/Oslo
EUROPE_PARIS= Europe/Paris
EUROPE_PODGORICA= Europe/Podgorica
EUROPE_PRAGUE= Europe/Prague
EUROPE_RIGA= Europe/Riga
EUROPE_ROME= Europe/Rome
EUROPE_SAMARA= Europe/Samara
EUROPE_SAN_MARINO= Europe/San_Marino
EUROPE_SARAJEVO= Europe/Sarajevo
EUROPE_SIMFEROPOL= Europe/Simferopol
EUROPE_SKOPJE= Europe/Skopje
EUROPE_SOFIA= Europe/Sofia
EUROPE_STOCKHOLM= Europe/Stockholm
EUROPE_TALLINN= Europe/Tallinn
EUROPE_TIRANE= Europe/Tirane
EUROPE_TIRASPOL= Europe/Tiraspol
EUROPE_UZHGOROD= Europe/Uzhgorod
EUROPE_VADUZ= Europe/Vaduz
EUROPE_VATICAN= Europe/Vatican
EUROPE_VIENNA= Europe/Vienna
EUROPE_VILNIUS= Europe/Vilnius
EUROPE_VOLGOGRAD= Europe/Volgograd
EUROPE_WARSAW= Europe/Warsaw
EUROPE_ZAGREB= Europe/Zagreb
EUROPE_ZAPOROZHYE= Europe/Zaporozhye
EUROPE_ZURICH= Europe/Zurich
GB= GB
GB_EIRE= GB-Eire
GMT= GMT
GMT_0= GMT+0
GMT_0= GMT-0
GMT0= GMT0
GREENWICH= Greenwich
HST= HST
HONGKONG= Hongkong
I18N_CHINESE = 中文
I18N_DEBUG = i18n debug
I18N_DUTCH = Nederlands
I18N_ENGLISH_UNITED_KINGDOM = English (United Kingdom)
I18N_ENGLISH_UNITED_STATES = English (United States)
I18N_FRENCH = Français
I18N_GERMAN = Deutsch
I18N_RUSSIAN = русский
I18N_SPANISH = Español
ICELAND= Iceland
INDIAN_ANTANANARIVO= Indian/Antananarivo
INDIAN_CHAGOS= Indian/Chagos
INDIAN_CHRISTMAS= Indian/Christmas
INDIAN_COCOS= Indian/Cocos
INDIAN_COMORO= Indian/Comoro
INDIAN_KERGUELEN= Indian/Kerguelen
INDIAN_MAHE= Indian/Mahe
INDIAN_MALDIVES= Indian/Maldives
INDIAN_MAURITIUS= Indian/Mauritius
INDIAN_MAYOTTE= Indian/Mayotte
INDIAN_REUNION= Indian/Reunion
IRAN= Iran
ISRAEL= Israel
JAMAICA= Jamaica
JAPAN= Japan
KWAJALEIN= Kwajalein
LIBYA= Libya
MET= MET
MST= MST
MST7MDT= MST7MDT
MEXICO_BAJANORTE= Mexico/BajaNorte
MEXICO_BAJASUR= Mexico/BajaSur
MEXICO_GENERAL= Mexico/General
MIDEAST_RIYADH87= Mideast/Riyadh87
MIDEAST_RIYADH88= Mideast/Riyadh88
MIDEAST_RIYADH89= Mideast/Riyadh89
NZ= NZ
NZ_CHAT= NZ-CHAT
NAVAJO= Navajo
PRC= PRC
PST8PDT= PST8PDT
PACIFIC_APIA= Pacifique/Apia
PACIFIC_AUCKLAND= Pacifique/Auckland
PACIFIC_CHATHAM= Pacifique/Chatham
PACIFIC_CHUUK= Pacifique/Chuuk
PACIFIC_EASTER= Pacifique/Pâques
PACIFIC_EFATE= Pacifique/Efate
PACIFIC_ENDERBURY= Pacifique/Enderbury
PACIFIC_FAKAOFO= Pacifique/Fakaofo
PACIFIC_FIJI= Pacifique/Fiji
PACIFIC_FUNAFUTI= Pacifique/Funafuti
PACIFIC_GALAPAGOS= Pacifique/Galapagos
PACIFIC_GAMBIER= Pacifique/Gambier
PACIFIC_GUADALCANAL= Pacifique/Guadalcanal
PACIFIC_GUAM= Pacifique/Guam
PACIFIC_HONOLULU= Pacifique/Honolulu
PACIFIC_JOHNSTON= Pacifique/Johnston
PACIFIC_KIRITIMATI= Pacifique/Kiritimati
PACIFIC_KOSRAE= Pacifique/Kosrae
PACIFIC_KWAJALEIN= Pacifique/Kwajalein
PACIFIC_MAJURO= Pacifique/Majuro
PACIFIC_MARQUESAS= Pacifique/Marquises
PACIFIC_MIDWAY= Pacifique/Midway
PACIFIC_NAURU= Pacifique/Nauru
PACIFIC_NIUE= Pacifique/Niue
PACIFIC_NORFOLK= Pacifique/Norfolk
PACIFIC_NOUMEA= Pacifique/Nouméa
PACIFIC_PAGO_PAGO= Pacifique/Pago_Pago
PACIFIC_PALAU= Pacifique/Palau
PACIFIC_PITCAIRN= Pacifique/Pitcairn
PACIFIC_POHNPEI= Pacifique/Pohnpei
PACIFIC_PONAPE= Pacifique/Ponape
PACIFIC_PORT_MORESBY= Pacifique/Port_Moresby
PACIFIC_RAROTONGA= Pacifique/Rarotonga
PACIFIC_SAIPAN= Pacifique/Saipan
PACIFIC_SAMOA= Pacifique/Samoa
PACIFIC_TAHITI= Pacifique/Tahiti
PACIFIC_TARAWA= Pacifique/Tarawa
PACIFIC_TONGATAPU= Pacifique/Tongatapu
PACIFIC_TRUK= Pacifique/Truk
PACIFIC_WAKE= Pacifique/Wake
PACIFIC_WALLIS= Pacifique/Wallis
PACIFIC_YAP= Pacifique/Yap
POLAND= Poland
PORTUGAL= Portugal
ROC= ROC
ROK= ROK
SINGAPORE= Singapore
TURKEY= Turkey
UCT= UCT
US_ALASKA= US/Alaska
US_ALEUTIAN= US/Aleutian
US_ARIZONA= US/Arizona
US_CENTRAL= US/Central
US_EAST_INDIANA= US/East-Indiana
US_EASTERN= US/Eastern
US_HAWAII= US/Hawaii
US_INDIANA_STARKE= US/Indiana-Starke
US_MICHIGAN= US/Michigan
US_MOUNTAIN= US/Mountain
US_PACIFIC= US/Pacific
US_PACIFIC_NEW= US/Pacific-New
US_SAMOA= US/Samoa
UTC= UTC
UNIVERSAL= Universal
W_SU= W-SU
WET= WET
ZULU= Zulu
